"OP Tag","Requirement text","Name","Source","Period To Date","Period From Date","Service Output Type","Output Type","Volume Period End","Volume Period Start","Volume Count - Actual","Volume Count - Planned","Status","Deprecated","Unique ID","Traced-from","Traced-to","RootTag#"
"OP1","","Accessible Information (organized information)","","","2/22/2010","Advisory Encounters","Service","","","","","","false","2504","","OPOC1","1"
"OP2","","Arts & Cultural Advice (Imparted)","","","2/22/2010","Advisory Encounters","Service","","","","","","false","2505","","OPOC2","2"
"OP3","","Building Record Information Provided","","","2/22/2010","Advisory Encounters","Service","","","","","","false","2506","","","3"
"OP4","","Building Regulation & Construction Advice","","","2/22/2010","Advisory Encounters","Service","","","","","","false","2507","","","4"
"OP5","","Building Regulation Compliance Letter","","","2/22/2010","Advisory Encounters","Service","","","","","","false","2508","","","5"
"OP6","","Business Advice Imparted","","","2/22/2010","Advisory Encounters","Service","","","","","","false","2509","","OPOC3","6"
"OP7","","Business Consulted","","","2/22/2010","Advisory Encounters","Service","","","","","","false","2510","","","7"
"OP8","","Business Improvement Area Supported","","","2/22/2010","Advisory Encounters","Service","","","","","","false","2511","","","8"
"OP9","","Business Solution Advice","","","2/22/2010","Advisory Encounters","Service","","","","","","false","2512","","OPOC4","9"
"OP10","","Child / Youth Health Advice","","","2/22/2010","Advisory Encounters","Service","","","","","","false","2513","","OPOC5","10"
"OP11","","Chronic Disease Lifestyle Advice","","","2/22/2010","Advisory Encounters","Service","","","","","","false","2514","","OPOC6(s)","11"
"OP12","","Election Result Posted","","","2/22/2010","Advisory Encounters","Service","","","","","","false","2515","SVOP8","OPOC7","12"
"OP13","","Energy Conserved","","","2/22/2010","Advisory Encounters","Service","","","","","","false","2516","","OPOC8","13"
"OP14","","Information Accessed (to conduct business)","","","2/22/2010","Advisory Encounters","Service","","","","","","false","2517","","OPOC9","14"
"OP15","","Information Communicated","","","2/22/2010","Advisory Encounters","Service","","","","","","false","2518","","OPOC10","15"
"OP16","","Information request fulfilled","","","2/22/2010","Advisory Encounters","Service","","","","","","false","2519","","OPOC11","16"
"OP17","","Injury Prevention Advice","","","2/22/2010","Advisory Encounters","Service","","","","","","false","2520","","OPOC12","17"
"OP18","","Legal Advice (Imparted)","","","2/22/2010","Advisory Encounters","Service","","","","","","false","2521","","OPOC13","18"
"OP19","","Mental Health Advice","","","2/22/2010","Advisory Encounters","Service","","","","","","false","2522","","OPOC14","19"
"OP20","","Prospective Business Supported","","","2/22/2010","Advisory Encounters","Service","","","","","","false","2523","","","20"
"OP21","","Public Health Care Advice","","","2/22/2010","Advisory Encounters","Service","","","","","","false","2524","","OPOC15(s)","21"
"OP22","","Reproductive Health Advice","","","2/22/2010","Advisory Encounters","Service","","","","","","false","2525","","OPOC16","22"
"OP23","","Small Business Advice","","","2/22/2010","Advisory Encounters","Service","","","","","","false","2526","","","23"
"OP24","","Substance Misuse Advice","","","2/22/2010","Advisory Encounters","Service","","","","","","false","2527","","OPOC17","24"
"OP25","","Supportive Housing Pain and Symptom Consultation","","","2/22/2010","Advisory Encounters","Service","","","","","","false","2528","","OPOC18(s)","25"
"OP26","","Underground Utility Line(s) Located","","","2/22/2010","Advisory Encounters","Service","","","","","","false","2529","","OPOC19(s)","26"
"OP27","","Vulnerable Adult / Senior Advice","","","2/22/2010","Advisory Encounters","Service","","","","","","false","2530","","OPOC20","27"
"OP28","","Employee Advised (productive employee)","","","2/22/2010","Advisory Encounters","Service","","","","","","false","2531","","OPOC21(s)","28"
"OP29","","Energy conservation advice","","","2/22/2010","Advisory Encounters","Service","","","","","","false","2532","","OPOC22","29"
"OP30","","Recruitment Supported","","","2/22/2010","Advisory Encounters","Service","","","","","","false","2533","","OPOC23(s)","30"
"OP31","","Risk Assessed","","","2/22/2010","Advisory Encounters","Service","","","","","","false","2534","","OPOC24","31"
"OP32","","Child / Youth Health Promotional Campaign","","","2/22/2010","Advocacy & Promotional Encounter","Service","","","","","","false","2535","","OPOC25(s)","32"
"OP33","","Chronic Disease Personal Health Campaign","","","2/22/2010","Advocacy & Promotional Encounter","Service","","","","","","false","2536","","OPOC26","33"
"OP34","","Chronic Disease Prevention Campaign","","","2/22/2010","Advocacy & Promotional Encounter","Service","","","","","","false","2537","","OPOC27(s)","34"
"OP35","","Food Safety Promotional Campaign","","","2/22/2010","Advocacy & Promotional Encounter","Service","","","","","","false","2538","","OPOC28(s)","35"
"OP36","","Health Hazard Promotional Campaign","","","2/22/2010","Advocacy & Promotional Encounter","Service","","","","","","false","2539","","OPOC29","36"
"OP37","","Injury Prevention Awareness Campaign","","","2/22/2010","Advocacy & Promotional Encounter","Service","","","","","","false","2540","","OPOC30","37"
"OP38","","International Business Promotion Campaign","","","2/22/2010","Advocacy & Promotional Encounter","Service","","","","","","false","2541","","","38"
"OP39","","Mental Health Promotional Campaign","","","2/22/2010","Advocacy & Promotional Encounter","Service","","","","","","false","2542","","OPOC31(s)","39"
"OP40","","New Business Attracted","","","2/22/2010","Advocacy & Promotional Encounter","Service","","","","","","false","2543","","OPOC32(s)","40"
"OP41","","Public Health Promotional Campaign","","","2/22/2010","Advocacy & Promotional Encounter","Service","","","","","","false","2544","","OPOC33(s)","41"
"OP42","","Reproductive Health Campaign","","","2/22/2010","Advocacy & Promotional Encounter","Service","","","","","","false","2545","","OPOC34","42"
"OP43","","Tourism Advertisement / Brochure Distributed","","","2/22/2010","Advocacy & Promotional Encounter","Service","","","","","","false","2546","","OPOC35(s)","43"
"OP44","","Trade Show Campaign","","","2/22/2010","Advocacy & Promotional Encounter","Service","","","","","","false","2547","","","44"
"OP45","","Visitor Information (package) distributed","","","2/22/2010","Advocacy & Promotional Encounter","Service","","","","","","false","2548","","OPOC36(s)","45"
"OP46","","Adult Day Advanced Personal Care","","","2/22/2010","Care & Rehabilitation Encounters","Service","","","","","","false","2549","","OPOC37(s)","46"
"OP47","","Adult Day Care","","","2/22/2010","Care & Rehabilitation Encounters","Service","","","","","","false","2550","","OPOC38","47"
"OP48","","Adult Day Care Advice","","","2/22/2010","Care & Rehabilitation Encounters","Service","","","","","","false","2551","","OPOC39(s)","48"
"OP49","","Adult Day Care Case Managed","","","2/22/2010","Care & Rehabilitation Encounters","Service","","","","","","false","2552","","OPOC40(s)","49"
"OP50","","Adult Day Meal Provided","","","2/22/2010","Care & Rehabilitation Encounters","Service","","","","","","false","2553","","OPOC41(s)","50"
"OP51","","Adult Day Medication Monitored","","","2/22/2010","Care & Rehabilitation Encounters","Service","","","","","","false","2554","","OPOC42(s)","51"
"OP52","","Adult Day Personal Care","","","2/22/2010","Care & Rehabilitation Encounters","Service","","","","","","false","2555","","","52"
"OP53","","Adult Day Pyscho-social Consultation","","","2/22/2010","Care & Rehabilitation Encounters","Service","","","","","","false","2556","","OPOC43(s)","53"
"OP54","","Adult Day Recreational Activity","","","2/22/2010","Care & Rehabilitation Encounters","Service","","","","","","false","2557","","OPOC44(s)","54"
"OP55","","Adult Day Rehabilitation Care","","","2/22/2010","Care & Rehabilitation Encounters","Service","","","","","","false","2558","","OPOC45(s)","55"
"OP56","","Child Immunized","","","2/22/2010","Care & Rehabilitation Encounters","Service","","","","","","false","2559","","OPOC46","56"
"OP57","","Dental Treatment","","","2/22/2010","Care & Rehabilitation Encounters","Service","","","","","","false","2560","","OPOC47(s)","57"
"OP58","","Disease Controlled","","","2/22/2010","Care & Rehabilitation Encounters","Service","","","","","","false","2561","","OPOC48","58"
"OP59","","High Risk Individual Immunized","","","2/22/2010","Care & Rehabilitation Encounters","Service","","","","","","false","2562","","OPOC49","59"
"OP60","","HIV/AIDS Drug","","","2/22/2010","Care & Rehabilitation Encounters","Service","","","","","","false","2563","","OPOC50","60"
"OP61","","HIV/AIDS Prevention Course","","","2/22/2010","Care & Rehabilitation Encounters","Service","","","","","","false","2564","","OPOC51","61"
"OP62","","Infection Drug","","","2/22/2010","Care & Rehabilitation Encounters","Service","","","","","","false","2565","","OPOC52","62"
"OP63","","Infectious Disease Controlled","","","2/22/2010","Care & Rehabilitation Encounters","Service","","","","","","false","2566","","OPOC53","63"
"OP64","","Paramedic Care","","","2/22/2010","Care & Rehabilitation Encounters","Service","","","","","","false","2567","","OPOC54","64"
"OP65","","Rabies Vaccination","","","2/22/2010","Care & Rehabilitation Encounters","Service","","","","","","false","2568","","OPOC55","65"
"OP66","","Respite care","","","2/22/2010","Care & Rehabilitation Encounters","Service","","","","","","false","2569","","OPOC56","66"
"OP67","","Sexually Transmitted Disease Control Drug","","","2/22/2010","Care & Rehabilitation Encounters","Service","","","","","","false","2570","","OPOC57","67"
"OP68","","Supportive Housing Acquired Hearing Loss Special Care Treatment","","","2/22/2010","Care & Rehabilitation Encounters","Service","","","","","","false","2571","","OPOC58(s)","68"
"OP69","","Supportive Housing Blind and Visually Impaired Special Care Treatment","","","2/22/2010","Care & Rehabilitation Encounters","Service","","","","","","false","2572","","OPOC59(s)","69"
"OP70","","Supportive Housing Dietic Care Treatment","","","2/22/2010","Care & Rehabilitation Encounters","Service","","","","","","false","2573","","OPOC60(s)","70"
"OP71","","Supportive Housing Medication Coordinated","","","2/22/2010","Care & Rehabilitation Encounters","Service","","","","","","false","2574","","OPOC61(s)","71"
"OP72","","Supportive Housing Nursing Care Treatment","","","2/22/2010","Care & Rehabilitation Encounters","Service","","","","","","false","2575","","OPOC62(s)","72"
"OP73","","Supportive Housing Occupational Care Treatment","","","2/22/2010","Care & Rehabilitation Encounters","Service","","","","","","false","2576","","OPOC63(s)","73"
"OP74","","Supportive Housing Personal Care","","","2/22/2010","Care & Rehabilitation Encounters","Service","","","","","","false","2577","","OPOC64(s)","74"
"OP75","","Supportive Housing Personal Care Treatment","","","2/22/2010","Care & Rehabilitation Encounters","Service","","","","","","false","2578","","OPOC65(s)","75"
"OP76","","Supportive Housing Personal Support","","","2/22/2010","Care & Rehabilitation Encounters","Service","","","","","","false","2579","","OPOC66(s)","76"
"OP77","","Supportive Housing Physiotherapy Care Treatment","","","2/22/2010","Care & Rehabilitation Encounters","Service","","","","","","false","2580","","OPOC67(s)","77"
"OP78","","Supportive Housing Psychological Care Treatment","","","2/22/2010","Care & Rehabilitation Encounters","Service","","","","","","false","2581","","OPOC68(s)","78"
"OP79","","Supportive Housing Social Care Treatment","","","2/22/2010","Care & Rehabilitation Encounters","Service","","","","","","false","2582","","OPOC69(s)","79"
"OP80","","Supportive Housing Speech - Language Pathology Care Treatment","","","2/22/2010","Care & Rehabilitation Encounters","Service","","","","","","false","2583","","OPOC70","80"
"OP81","","Tuberculosis Control Drug","","","2/22/2010","Care & Rehabilitation Encounters","Service","","","","","","false","2584","","OPOC71","81"
"OP82","","Homelessness Prevention Support","","","2/22/2010","Care & Rehabilitation Encounters","Service","","","","","","false","2585","","OPOC72(s)","82"
"OP83","","Long Term Care accommodation","","","2/22/2010","Care & Rehabilitation Encounters","Service","","","","","","false","2586","","OPOC73","83"
"OP84","","Long Term Care Overnight Stay","","","2/22/2010","Care & Rehabilitation Encounters","Service","","","","","","false","2587","","OPOC74","84"
"OP85","","Long-Term Care Reference","","","2/22/2010","Care & Rehabilitation Encounters","Service","","","","","","false","2588","","OPOC75","85"
"OP86","","Medication Administration","","","2/22/2010","Care & Rehabilitation Encounters","Service","","","","","","false","2589","","OPOC76","86"
"OP87","","Palliative Care","","","2/22/2010","Care & Rehabilitation Encounters","Service","","","","","","false","2590","","OPOC77","87"
"OP88","","Pastoral care","","","2/22/2010","Care & Rehabilitation Encounters","Service","","","","","","false","2591","","OPOC78","88"
"OP89","","Personal care","","","2/22/2010","Care & Rehabilitation Encounters","Service","","","","","","false","2592","","OPOC79","89"
"OP90","","Psycho-social consultation","","","2/22/2010","Care & Rehabilitation Encounters","Service","","","","","","false","2593","","OPOC80","90"
"OP91","","Rehabilitation Care","","","2/22/2010","Care & Rehabilitation Encounters","Service","","","","","","false","2594","","OPOC81","91"
"OP92","","Election Officer Trained","","","2/22/2010","Educational & Training Encounter","Service","","","","","","false","2595","SVOP7","OPOC82","92"
"OP93","","Supportive Housing Health Lesson","","","2/22/2010","Educational & Training Encounter","Service","","","","","","false","2596","","OPOC83(s)","93"
"OP94","","Supportive Housing Physician Palliative Care Lesson","","","2/22/2010","Educational & Training Encounter","Service","","","","","","false","2597","","OPOC84(s)","94"
"OP95","","Arts and Cultural Lesson (imparted)","","","2/22/2010","Educational & Training Encounter","Service","","","","","","false","2598","","OPOC85","95"
"OP96","","Child / Youth Health Education Lesson","","","2/22/2010","Educational & Training Encounter","Service","","","","","","false","2599","","OPOC86","96"
"OP97","","Chronic Disease Lifestyle Education","","","2/22/2010","Educational & Training Encounter","Service","","","","","","false","2600","","OPOC87(s)","97"
"OP98","","Crime Prevention Lesson","","","2/22/2010","Educational & Training Encounter","Service","","","","","","false","2601","","OPOC88","98"
"OP99","","Fire Safety Lesson","","","2/22/2010","Educational & Training Encounter","Service","","","","","","false","2602","","OPOC89","99"
"OP100","","Library Used","","","2/22/2010","Educational & Training Encounter","Service","","","","","","false","2603","","OPOC90","100"
"OP101","","Public Health Education Lesson","","","2/22/2010","Educational & Training Encounter","Service","","","","","","false","2604","","OPOC91(s)","101"
"OP102","","Recreation Lesson","","","2/22/2010","Educational & Training Encounter","Service","","","","","","false","2605","","OPOC92","102"
"OP103","","Reproductive Health Education Lesson","","","2/22/2010","Educational & Training Encounter","Service","","","","","","false","2606","","OPOC93","103"
"OP104","","Sexual Health Course","","","2/22/2010","Educational & Training Encounter","Service","","","","","","false","2607","","OPOC94","104"
"OP105","","Substance Misuse Prevention Education Lesson","","","2/22/2010","Educational & Training Encounter","Service","","","","","","false","2608","","OPOC95","105"
"OP106","","Vulnerable Adult / Senior Education Lesson","","","2/22/2010","Educational & Training Encounter","Service","","","","","","false","2609","","OPOC96","106"
"OP107","","Literacy Lesson / Consultation","","","2/22/2010","Educational & Training Encounter","Service","","","","","","false","2610","","OPOC97(s)","107"
"OP108","","Special Education Lesson","","","2/22/2010","Educational & Training Encounter","Service","","","","","","false","2611","","","108"
"OP109","","Special needs lesson","","","2/22/2010","Educational & Training Encounter","Service","","","","","","false","2612","","","109"
"OP110","","Audit Recommendation","","","2/22/2010","Findings","Service","","","","","","false","2613","","OPOC98","110"
"OP111","","Crime Investigated (and solved)","","","2/22/2010","Findings","Service","","","","","","false","2614","","OPOC99(s)","111"
"OP112","","Employee Criminal Record Checked","","","2/22/2010","Findings","Service","","","","","","false","2615","","OPOC100(s)","112"
"OP113","","Employee Security / Criminal Record Checked","","","2/22/2010","Findings","Service","","","","","","false","2616","","OPOC101(s)","113"
"OP114","","Employee Security Record Checked","","","2/22/2010","Findings","Service","","","","","","false","2617","","OPOC102(s)","114"
"OP115","","Pre-Application Applicable Law Reviewed","","","2/22/2010","Findings","Service","","","","","","false","2618","","OPOC103","115"
"OP116","","Preliminary Project Reviewed","","","2/22/2010","Findings","Service","","","","","","false","2619","","OPOC104","116"
"OP117","","Property Valuated","","","2/22/2010","Findings","Service","","","","","","false","2620","","OPOC105(s)","117"
"OP118","","Water Safety Inspected","","","2/22/2010","Findings","Service","","","","","","false","2621","","OPOC106","118"
"OP119","","Compliance Audit Recommendation","","","2/22/2010","Findings","Service","","","","","","false","2622","","","119"
"OP120","","Environmental Assessment","","","2/22/2010","Findings","Service","","","","","","false","2623","","OPOC107(s)","120"
"OP121","","Financial Audit Recommendation","","","2/22/2010","Findings","Service","","","","","","false","2624","","OPOC108","121"
"OP122","","Operational Audit Recommendation","","","2/22/2010","Findings","Service","","","","","","false","2625","","OPOC109","122"
"OP123","","Property audited for energy consumption","","","2/22/2010","Findings","Service","","","","","","false","2626","","OPOC110","123"
"OP124","","Value for Money Audit Recommendation","","","2/22/2010","Findings","Service","","","","","","false","2627","","","124"
"OP125","","Account Paid (in good standing)","","","2/22/2010","Funds","Service","","","","","","false","2628","","OPOC111","125"
"OP126","","Account Payment Received","","","2/22/2010","Funds","Service","","","","","","false","2629","","OPOC112","126"
"OP127","","Accounted for Transaction","","","2/22/2010","Funds","Service","","","","","","false","2630","","OPOC113","127"
"OP128","","Affordable Housing Grant / Subsidy","","","2/22/2010","Funds","Service","","","","","","false","2631","","OPOC114","128"
"OP129","","Asset Commissioned","","","2/22/2010","Funds","Service","","","","","","false","2632","","OPOC115","129"
"OP130","","Brownfield Redevelopment Incentive Grant","","","2/22/2010","Funds","Service","","","","","","false","2633","","","130"
"OP131","","Building Permit Fees / Charges Waived","","","2/22/2010","Funds","Service","","","","","","false","2634","","","131"
"OP132","","Community Improvement Plan Grant","","","2/22/2010","Funds","Service","","","","","","false","2635","","","132"
"OP133","","Finances Accounted","","","2/22/2010","Funds","Service","","","","","","false","2636","","","133"
"OP134","","Financial / Employment Assistance","","","2/22/2010","Funds","Service","","","","","","false","2637","","OPOC116","134"
"OP135","","Financial Assistance Payment","","","2/22/2010","Funds","Service","","","","","","false","2638","","OPOC117(s)","135"
"OP136","","Heritage Incentive Grant","","","2/22/2010","Funds","Service","","","","","","false","2639","","","136"
"OP137","","Income Support Payment","","","2/22/2010","Funds","Service","","","","","","false","2640","","OPOC118(s)","137"
"OP138","","Pre-school special needs funding payment","","","2/22/2010","Funds","Service","","","","","","false","2641","","OPOC119(s)","138"
"OP139","","Property Development Incentive Grant / Subsidy","","","2/22/2010","Funds","Service","","","","","","false","2642","","","139"
"OP140","","Property Tax Reduced","","","2/22/2010","Funds","Service","","","","","","false","2643","","","140"
"OP141","","Social Housing Subsidy Payment","","","2/22/2010","Funds","Service","","","","","","false","2644","","OPOC120(s)","141"
"OP142","","Tax account paid (or in good standing)","","","2/22/2010","Funds","Service","","","","","","false","2645","","OPOC121(s)","142"
"OP143","","Capital Budget Approved","","","2/22/2010","Funds","Service","","","","","","false","2646","","OPOC122(s)","143"
"OP144","","Cash (available for paying financial obligations)","","","2/22/2010","Funds","Service","","","","","","false","2647","","OPOC123","144"
"OP145","","Child Care Centre Subsidy Payment","","","2/22/2010","Funds","Service","","","","","","false","2648","","OPOC124(s)","145"
"OP146","","Compensated Employee","","","2/22/2010","Funds","Service","","","","","","false","2649","","OPOC125(s)","146"
"OP147","","Early Childhood Professional Wage Subsidy","","","2/22/2010","Funds","Service","","","","","","false","2650","","OPOC126(s)","147"
"OP148","","Electrical upgrade loan","","","2/22/2010","Funds","Service","","","","","","false","2651","","OPOC127","148"
"OP149","","Financial Investment / Debt Managed","","","2/22/2010","Funds","Service","","","","","","false","2652","","OPOC128","149"
"OP150","","Financial Plan and/or Budget Approved","","","2/22/2010","Funds","Service","","","","","","false","2653","","OPOC129(s)","150"
"OP151","","Good / Service Purchased","","","2/22/2010","Funds","Service","","","","","","false","2654","","OPOC130","151"
"OP152","","Grant / Subsidy Awarded / Received","","","2/22/2010","Funds","Service","","","","","","false","2655","","OPOC131(s)","152"
"OP153","","Heritage Grant Awarded","","","2/22/2010","Funds","Service","","","","","","false","2656","","OPOC132","153"
"OP154","","Homeless shelter funding payment","","","2/22/2010","Funds","Service","","","","","","false","2657","","OPOC133(s)","154"
"OP155","","Library Fee / Fine Collected","","","2/22/2010","Funds","Service","","","","","","false","2658","","OPOC134(s)","155"
"OP156","","Operating Budget Approved","","","2/22/2010","Funds","Service","","","","","","false","2659","","OPOC135(s)","156"
"OP157","","Rent Supplement Payment","","","2/22/2010","Funds","Service","","","","","","false","2660","","OPOC136(s)","157"
"OP158","","Social Housing Subsidy Payment","","","2/22/2010","Funds","Service","","","","","","false","2661","","","158"
"OP159","","Crisis and outreach intervention","","","2/22/2010","Interventions","Service","","","","","","false","2662","","","159"
"OP160","","Emergency / Disaster Mitigated","","","2/22/2010","Interventions","Service","","","","","","false","2663","","","160"
"OP161","","Incident Intervened","","","2/22/2010","Interventions","Service","","","","","","false","2664","","OPOC137(s)","161"
"OP162","","Incident Mitigated","","","2/22/2010","Interventions","Service","","","","","","false","2665","","OPOC138(s)","162"
"OP163","","Murder Incident Intervened","","","2/22/2010","Interventions","Service","","","","","","false","2666","","OPOC139(s)","163"
"OP164","","Rape Incident Intervened","","","2/22/2010","Interventions","Service","","","","","","false","2667","","OPOC140(s)","164"
"OP165","","Suicide Incident Intervened","","","2/22/2010","Interventions","Service","","","","","","false","2668","","OPOC141(s)","165"
"OP166","","Animal Controlled","","","2/22/2010","Interventions","Service","","","","","","false","2669","","OPOC142(s)","166"
"OP167","","Burglary Incident Intervened","","","2/22/2010","Interventions","Service","","","","","","false","2670","","OPOC143(s)","167"
"OP168","","Employment Support / Referral","","","2/22/2010","Matches, Referrals & Linkages","Service","","","","","","false","2671","","OPOC144(s)","168"
"OP169","","Service Request Redirected to Police, Fire, and/or Ambulance","","","2/22/2010","Matches, Referrals & Linkages","Service","","","","","","false","2672","","OPOC145(s)","169"
"OP170","","Service Request Redirected to Public Service Provider","","","2/22/2010","Matches, Referrals & Linkages","Service","","","","","","false","2673","","OPOC146(s)","170"
"OP171","","Service Request Taken, Referred and Fulfilled","","","2/22/2010","Matches, Referrals & Linkages","Service","","","","","","false","2674","","OPOC147","171"
"OP172","","Supportive Housing Placement","","","2/22/2010","Matches, Referrals & Linkages","Service","","","","","","false","2675","","OPOC148(s)","172"
"OP173","","Victim / Youth At Risk Referred","","","2/22/2010","Matches, Referrals & Linkages","Service","","","","","","false","2676","","OPOC149(s)","173"
"OP174","","Call Taken and Resources Dispatched","","","2/22/2010","Matches, Referrals & Linkages","Service","","","","","","false","2677","","OPOC150","174"
"OP175","","Ferry Trip","","","2/22/2010","Movements","Service","","","","","","false","2678","","OPOC151","175"
"OP176","","Passenger Trip","","","2/22/2010","Movements","Service","","","","","","false","2679","","OPOC152","176"
"OP177","","Transit / Passenger Trip","","","2/22/2010","Movements","Service","","","","","","false","2680","","OPOC153","177"
"OP178","","Child / Youth Escorted Across Street (in School Zones)","","","2/22/2010","Movements","Service","","","","","","false","2681","","OPOC275(s)","178"
"OP179","","Business Market Researched","","","2/22/2010","New Knowledge","Service","","","","","","false","2682","","","179"
"OP180","","Building Inspected (in compliance)","","","2/22/2010","Penalties & Periods of Sanction","Service","","","","","","false","2683","","","180"
"OP181","","Fence By-law violation brought into compliance","","","2/22/2010","Penalties & Periods of Sanction","Service","","","","","","false","2684","SVOP15","","181"
"OP182","","Fireworks By-law violation brought into compliance","","","2/22/2010","Penalties & Periods of Sanction","Service","","","","","","false","2685","SVOP16","","182"
"OP183","","Graffiti By-law violation brought into compliance","","","2/22/2010","Penalties & Periods of Sanction","Service","","","","","","false","2686","SVOP13","","183"
"OP184","","Grass & Weed By-law violation brought into compliance","","","2/22/2010","Penalties & Periods of Sanction","Service","","","","","","false","2687","SVOP14","","184"
"OP185","","Litter & Dumping By-law violation brought into compliance","","","2/22/2010","Penalties & Periods of Sanction","Service","","","","","","false","2688","SVOP12","","185"
"OP186","","Moble Home By-law violation brought into compliance","","","2/22/2010","Penalties & Periods of Sanction","Service","","","","","","false","2689","","","186"
"OP187","","Noise By-law violation brought into compliance","","","2/22/2010","Penalties & Periods of Sanction","Service","","","","","","false","2690","SVOP11","","187"
"OP188","","Property Standards By-law violation brought into compliance","","","2/22/2010","Penalties & Periods of Sanction","Service","","","","","","false","2691","SVOP10","OPOC154","188"
"OP189","","Right-of-Way By-law violation brought into compliance","","","2/22/2010","Penalties & Periods of Sanction","Service","","","","","","false","2692","","","189"
"OP190","","Sign By-law violation brought into compliance","","","2/22/2010","Penalties & Periods of Sanction","Service","","","","","","false","2693","","","190"
"OP191","","Waste & Waste Collection By-law violation brought into compliance","","","2/22/2010","Penalties & Periods of Sanction","Service","","","","","","false","2694","","","191"
"OP192","","Zoning By-law violation brought into compliance","","","2/22/2010","Penalties & Periods of Sanction","Service","","","","","","false","2695","","","192"
"OP193","","Fire Safety Violation Rectified","","","2/22/2010","Penalties & Periods of Sanction","Service","","","","","","false","2696","","OPOC155(s)","193"
"OP194","","Food Safety Inspected","","","2/22/2010","Penalties & Periods of Sanction","Service","","","","","","false","2697","","OPOC156(s)","194"
"OP195","","Health Hazard Inspected / Monitored","","","2/22/2010","Penalties & Periods of Sanction","Service","","","","","","false","2698","","OPOC157","195"
"OP196","","Provincial Offence Resolved (Fine Paid)","","","2/22/2010","Penalties & Periods of Sanction","Service","","","","","","false","2699","","OPOC158","196"
"OP197","","Public Heatlh Inspection","","","2/22/2010","Penalties & Periods of Sanction","Service","","","","","","false","2700","","OPOC159","197"
"OP198","","Traffic Violation (brought into compliance)","","","2/22/2010","Penalties & Periods of Sanction","Service","","","","","","false","2701","","OPOC160(s)","198"
"OP199","","Parking Violation brought into compliance","","","2/22/2010","Penalties & Periods of Sanction","Service","","","","","","false","2702","","OPOC161(s)","199"
"OP200","","Community Partnership Agreement","","","2/22/2010","Periods of Agreement","Service","","","","","","false","2703","","OPOC162","200"
"OP201","","Contract / Agreement Executed (managed)","","","2/22/2010","Periods of Agreement","Service","","","","","","false","2704","","OPOC163(s)","201"
"OP202","","Property Sale Negotiated","","","2/22/2010","Periods of Agreement","Service","","","","","","false","2705","","","202"
"OP203","","Alteration Permit Issued","","","2/22/2010","Periods of Permisson","Service","","","","","","false","2706","","OPOC164(s)","203"
"OP204","","Assisted Housing Accommodation (period of)","","","2/22/2010","Periods of Permisson","Service","","","","","","false","2707","","OPOC165","204"
"OP205","","Birth Certificate Issued","","","2/22/2010","Periods of Permisson","Service","","","","","","false","2708","SVOP2","OPOC166","205"
"OP206","","Building Permit Issued","","","2/22/2010","Periods of Permisson","Service","","","","","","false","2709","","OPOC167(s)","206"
"OP207","","Business Licence","","","2/22/2010","Periods of Permisson","Service","","","","","","false","2710","","OPOC168","207"
"OP208","","Change of Use Permit Issued","","","2/22/2010","Periods of Permisson","Service","","","","","","false","2711","","OPOC169(s)","208"
"OP209","","Charitable Gaming Licence","","","2/22/2010","Periods of Permisson","Service","","","","","","false","2712","","","209"
"OP210","","Civic Address Assigned","","","2/22/2010","Periods of Permisson","Service","","","","","","false","2713","","OPOC170(s)","210"
"OP211","","Clothing Drop Box Permit","","","2/22/2010","Periods of Permisson","Service","","","","","","false","2714","","","211"
"OP212","","Committee of Adjustment Minor Variance Approved","","","2/22/2010","Periods of Permisson","Service","","","","","","false","2715","","OPOC171(s)","212"
"OP213","","Condominium Approved","","","2/22/2010","Periods of Permisson","Service","","","","","","false","2716","","OPOC172(s)","213"
"OP214","","Construction Permit Issued","","","2/22/2010","Periods of Permisson","Service","","","","","","false","2717","","OPOC173(s)","214"
"OP215","","Death Certificate Issued","","","2/22/2010","Periods of Permisson","Service","","","","","","false","2718","SVOP3","OPOC174","215"
"OP216","","Demolition Permit Issued","","","2/22/2010","Periods of Permisson","Service","","","","","","false","2719","","OPOC175(s)","216"
"OP217","","Development Application Approved","","","2/22/2010","Periods of Permisson","Service","","","","","","false","2720","","OPOC176(s)","217"
"OP218","","Election Candidate Registered","","","2/22/2010","Periods of Permisson","Service","","","","","","false","2721","SVOP6","OPOC177","218"
"OP219","","Election Conducted and Results Posted","","","2/22/2010","Periods of Permisson","Service","","","","","","false","2722","","OPOC178","219"
"OP220","","Fence Exemption Permit","","","2/22/2010","Periods of Permisson","Service","","","","","","false","2723","","","220"
"OP221","","Fence Permit Issued","","","2/22/2010","Periods of Permisson","Service","","","","","","false","2724","","OPOC179","221"
"OP222","","Fireworks Permit","","","2/22/2010","Periods of Permisson","Service","","","","","","false","2725","","","222"
"OP223","","Graffiti Art Mural Exemption Permit","","","2/22/2010","Periods of Permisson","Service","","","","","","false","2726","","","223"
"OP224","","Group Home Licence","","","2/22/2010","Periods of Permisson","Service","","","","","","false","2727","","","224"
"OP225","","Heritage Demolition & Alteration Approved","","","2/22/2010","Periods of Permisson","Service","","","","","","false","2728","","OPOC180(s)","225"
"OP226","","Liquor Establishment Licence","","","2/22/2010","Periods of Permisson","Service","","","","","","false","2729","","","226"
"OP227","","Marriage Licence Issued","","","2/22/2010","Periods of Permisson","Service","","","","","","false","2730","SVOP4","OPOC181","227"
"OP228","","Natural Garden Exemption Permit","","","2/22/2010","Periods of Permisson","Service","","","","","","false","2731","","","228"
"OP229","","Noice Exemption Permit","","","2/22/2010","Periods of Permisson","Service","","","","","","false","2732","","","229"
"OP230","","Occupational Licence","","","2/22/2010","Periods of Permisson","Service","","","","","","false","2733","","","230"
"OP231","","Official Plan Amendment Approved","","","2/22/2010","Periods of Permisson","Service","","","","","","false","2734","SVOP9","OPOC182","231"
"OP232","","Part Lot Control Approved","","","2/22/2010","Periods of Permisson","Service","","","","","","false","2735","","OPOC183(s)","232"
"OP233","","Retail Business Licence","","","2/22/2010","Periods of Permisson","Service","","","","","","false","2736","","OPOC184","233"
"OP234","","Rezoning Approved","","","2/22/2010","Periods of Permisson","Service","","","","","","false","2737","","OPOC185(s)","234"
"OP235","","Right-of-Way Occupancy Permit","","","2/22/2010","Periods of Permisson","Service","","","","","","false","2738","","OPOC276(s)","235"
"OP236","","Rooming House Licence","","","2/22/2010","Periods of Permisson","Service","","","","","","false","2739","","","236"
"OP237","","Sign Permit Issued","","","2/22/2010","Periods of Permisson","Service","","","","","","false","2740","","OPOC186(s)","237"
"OP238","","Site Plan Control Approved","","","2/22/2010","Periods of Permisson","Service","","","","","","false","2741","","OPOC187(s)","238"
"OP239","","Street Name","","","2/22/2010","Periods of Permisson","Service","","","","","","false","2742","","","239"
"OP240","","Subdivision Approved","","","2/22/2010","Periods of Permisson","Service","","","","","","false","2743","","OPOC188(s)","240"
"OP241","","Taxi Licenced (Company / Cab / Driver)","","","2/22/2010","Periods of Permisson","Service","","","","","","false","2744","","OPOC189(s)","241"
"OP242","","Temporary Sign Permit","","","2/22/2010","Periods of Permisson","Service","","","","","","false","2745","","","242"
"OP243","","Tow Truck Licence","","","2/22/2010","Periods of Permisson","Service","","","","","","false","2746","","OPOC190","243"
"OP244","","Vital Rights Registered","","","2/22/2010","Periods of Permisson","Service","","","","","","false","2747","SVOP1","OPOC191","244"
"OP245","","Voter Registered","","","2/22/2010","Periods of Permisson","Service","","","","","","false","2748","SVOP5","OPOC192","245"
"OP246","","Mixed Residential Construction Permit Issued","","","2/22/2010","Periods of Permisson","Service","","","","","","false","2749","","OPOC193(s)","246"
"OP247","","Residential High-Rise Construction Permit Issued","","","2/22/2010","Periods of Permisson","Service","","","","","","false","2750","","OPOC194(s)","247"
"OP248","","Courtroom Secured","","","2/22/2010","Periods of Protection","Service","","","","","","false","2751","","OPOC195(s)","248"
"OP249","","Neighbourhood Canine Patrolled","","","2/22/2010","Periods of Protection","Service","","","","","","false","2752","","OPOC196(s)","249"
"OP250","","Neighbourhood Foot Patrolled","","","2/22/2010","Periods of Protection","Service","","","","","","false","2753","","OPOC197(s)","250"
"OP251","","Neighbourhood Patrolled","","","2/22/2010","Periods of Protection","Service","","","","","","false","2754","","OPOC198(s)","251"
"OP252","","Neighbourhood Vehicle Patrolled","","","2/22/2010","Periods of Protection","Service","","","","","","false","2755","","OPOC199(s)","252"
